<?xml version="1.0" encoding="UTF-8"?>
<!DOCTYPE suite SYSTEM "https://testng.org/testng-1.0.dtd" >
<suite name="CrossBrowserSuite" parallel="tests" thread-count="2">
  <test name="Chrome Tests">
        <parameter name="browser" value="chrome"/>
        <classes>
            <class name="tests.LoginTest"/>
            <class name="tests.AccountTest"/>
            <class name="tests.FundTransferTest"/>
        </classes>
    </test>

<!--  <test name="Edge Tests">
        <parameter name="browser" value="edge"/>
        <classes>
            <class name="tests.LoginTest"/>
            <class name="tests.AccountTest"/>
            <class name="tests.FundTransferTest"/>
        </classes>
    </test>-->  
    
     <test name="Firefox Tests">
        <parameter name="browser" value="firefox"/>
        <classes>
            <class name="tests.LoginTest"/>
            <class name="tests.AccountTest"/>
            <class name="tests.FundTransferTest"/>
        </classes>
    </test>
</suite>
